,County,Rural,Rehab_Count,EMS_COUNT,hospital_count,dropbox_247availability,dropbox_count,1yrlag,5yrlag,10yrlag,UR_1yrlag,UR_5yrlag,UR_10yrlag,CR_1yrlag,CR_5yrlag,CR_10yrlag,PR_1yrlag,PR_5yrlag,PR_10yrlag,BR_1yrlag,BR_5yrlag,BR_10yrlag,DR_1yrlag,DR_5yrlag,DR_10yrlag,teenage_pregnancy_2016,2015_children_poverty,2016_death_rate,2016_birth_rate,2016_prescription,2016_ODRate,2016ODabovenatavg
0,Appling,1,0.0,1.0,0.0,1,1,0.0,0.0,0.0,-0.123287671233,-0.483870967742,0.207547169811,1.0,0.0,-0.97037037037,-0.0447876447876,0.172511848341,0.391451068616,-0.0377312231349,-0.040756815268,-0.0321322781997,0.0247011441713,0.100459603875,-0.00740723219931,0.285,0.342,1.160992812e-05,1.356300014e-05,0.01237,0.000162795745605,True
1,Atkinson,1,0.0,0.0,0.0,0,0,0.0,0.0,0.0,-0.0877192982456,-0.59375,0.0196078431373,0.0,-1.0,-1.0,-0.12836970475,-0.0490196078431,0.374493927126,0.177559968908,0.0940030765114,-0.155059785794,0.320502760519,-0.0703087544317,-0.33926325203,0.223,0.405,7.339228779e-06,1.792696866e-05,0.00679,0.000120875135985,False
2,Bacon,1,0.0,1.0,0.0,0,1,0.0,-1.0,-1.0,-0.0701754385965,-0.495238095238,0.204545454545,-1.0,0.0,-1.0,0.0416666666667,-0.0500603136309,0.0809883321894,-0.148873375759,0.0333701624959,-0.175538414594,-0.01604603846,-0.212044697121,-0.10605957554,0.19,0.368,9.623449433e-06,1.271354787e-05,0.01575,0.0,False
3,Baker,1,0.0,1.0,0.0,0,1,-1.0,0.0,0.0,0.0694444444444,-0.336206896552,0.509803921569,-1.0,0.0,-1.0,0.0,0.0,0.0,-0.0958971649637,-0.0215259216568,0.292040284901,0.0171156893869,0.0702060221897,0.16534236845,0.19,0.419,8.557844691e-06,1.014263075e-05,0.0,0.0,False
4,Baldwin,0,1.0,1.0,2.0,1,1,-1.0,-1.0,-1.0,-0.105263157895,-0.507246376812,0.446808510638,0.188790560472,-0.225,0.0254452926209,-0.0428015564202,-0.18,0.157647058824,-0.0189613348614,-0.111910732943,-0.168930015193,0.081872413177,0.224818136284,0.135277408061,0.074,0.355,9.980678995e-06,9.759867513e-06,0.00984,0.0,False
5,Banks,1,0.0,1.0,0.0,0,1,0.333333333333,-0.333333333333,3.0,-0.125,-0.467391304348,0.361111111111,-0.692,-0.45390070922,-0.503225806452,-0.11875,0.0818414322251,5.04285714286,-0.0211913243159,0.189420860152,-0.114650343277,-0.0968943920732,0.136965605302,-0.0302973834699,0.142,0.244,8.354808084e-06,1.171843212e-05,0.00423,0.000217426754362,True
6,Barrow,0,1.0,1.0,1.0,0,2,0.444444444444,0.625,0.444444444444,-0.11320754717,-0.525252525253,0.093023255814,-0.172413793103,-0.194244604317,0.112582781457,-0.0353477765108,-0.0733844468784,-0.0804347826087,-0.00308761113745,-0.0824324577466,-0.219391514896,0.0476076905063,0.0466550667765,0.178994571582,0.082,0.213,7.725000493e-06,1.410994988e-05,0.00846,0.000168555350984,True
7,Bartow,0,1.0,1.0,1.0,1,2,0.105263157895,0.235294117647,1.33333333333,-0.135593220339,-0.55652173913,0.0,-0.0534979423868,0.111111111111,0.202090592334,-0.0162523900574,-0.125743415463,0.0553846153846,-0.0384816876583,-0.0149724966701,-0.251839079605,-0.00808321666377,0.028506918819,0.125485516123,0.134,0.215,8.548996801e-06,1.25811767e-05,0.01029,0.000202298496248,True
8,Ben Hill,1,0.0,1.0,1.0,1,1,0.0,0.0,0.0,-0.1,-0.480769230769,0.5,-0.185714285714,3.95652173913,-0.116279069767,-0.0418068236425,0.43763518385,0.495873968492,-0.0272794428518,-0.0831985386637,-0.286649967246,0.0102039739661,0.0960977049897,0.176910445513,0.167,0.469,1.294909963e-05,1.36428014e-05,0.01994,5.79945485124e-05,False
9,Berrien,1,1.0,1.0,1.0,0,1,0.0,0.0,-0.666666666667,-0.138888888889,-0.504,0.589743589744,-0.0652173913043,-0.348484848485,0.162162162162,-0.020942408377,-0.418652849741,-0.43956043956,-0.00911549686682,0.197645580616,-0.0840320822974,0.096147239354,0.0853712140618,0.14893341872,0.309,0.369,1.138070023e-05,1.38570563e-05,0.00561,5.26509766756e-05,False
10,Bibb,0,1.0,1.0,7.0,0,1,-0.0666666666667,-0.222222222222,0.75,-0.0909090909091,-0.478260869565,0.132075471698,-0.0204962243797,0.0156599552573,0.0503181029497,-0.0583573487032,-0.209794437727,-0.0795774647887,0.019642769253,-0.00383822342682,-0.0705210836129,0.0267545911207,0.100573589203,0.0629764933769,0.189,0.416,1.137446947e-05,1.467841985e-05,0.01307,9.16470280178e-05,False
11,Bleckley,1,1.0,1.0,1.0,0,1,-0.666666666667,0.0,0.0,-0.152941176471,-0.458646616541,0.142857142857,0.397849462366,3.64285714286,0.710526315789,-0.084086170952,-0.0828114126653,0.022498060512,-0.0730580657516,-0.0919912369024,-0.154945045715,0.25858484456,-0.131207562385,0.0808842431519,0.12,0.317,1.025163094e-05,1.001863933e-05,0.01318,7.7101002313e-05,False
12,Brantley,1,0.0,1.0,0.0,0,1,0.4,0.0,2.5,-0.0945945945946,-0.492424242424,0.313725490196,-0.510204081633,-0.724137931034,-0.803278688525,-0.146831530139,-0.212553495007,0.0,-0.0705455148723,0.0898679489791,0.117003411544,0.0894328381466,0.0712880794524,-0.0354157476392,0.282,0.343,1.070535811e-05,1.130311923e-05,0.00552,0.000381367474803,True
13,Brooks,1,0.0,1.0,1.0,0,1,0.0,-0.5,0.0,-0.133333333333,-0.48,0.181818181818,-0.32,-0.585365853659,-0.609195402299,0.0329171396141,-0.20245398773,0.202113606341,-0.0375028926815,-0.066881083773,-0.190307789901,0.0153296929962,0.180745630214,0.274863205085,0.196,0.389,1.281111571e-05,1.128143026e-05,0.0091,6.37470516989e-05,False
14,Bryan,1,0.0,1.0,0.0,0,1,-1.0,0.0,0.0,-0.0576923076923,-0.478723404255,0.324324324324,-0.475609756098,-0.4625,-0.338461538462,0.0213963963964,0.185620915033,0.637184115523,-0.00981142222606,0.100836299304,0.0711723775497,0.0690168484087,-0.12822523584,-0.0837961034268,0.051,0.162,6.733817794e-06,1.529137791e-05,0.00907,0.0,False
15,Bulloch,0,1.0,1.0,2.0,0,5,0.25,0.666666666667,0.0,-0.05,-0.457142857143,0.357142857143,-0.0352250489237,-0.312412831241,0.17661097852,-0.116788321168,-0.0970149253731,0.0858974358974,-0.0275720262975,0.028010568071,-0.0536651976186,0.00550447966397,0.0492297431964,0.0174602816265,0.111,0.313,7.17882854e-06,1.208638929e-05,0.00847,6.69146971441e-05,False
16,Burke,1,1.0,1.0,0.0,0,1,0.333333333333,3.0,1.0,-0.0617283950617,-0.40157480315,0.1875,-0.106382978723,-0.176470588235,-0.192307692308,-0.0420454545455,0.103403141361,0.170833333333,-0.0826530756168,-0.0504252908174,-0.231504950632,-0.0271095450876,0.0669816179568,0.0499276214395,0.17,0.379,1.087387189e-05,1.311908431e-05,0.00843,0.000176304654443,True
17,Butts,1,1.0,1.0,1.0,1,1,-0.333333333333,0.333333333333,0.0,-0.151515151515,-0.508771929825,0.037037037037,0.206349206349,0.0857142857143,-0.025641025641,-0.0448045757865,0.15838150289,0.170560747664,0.130370061457,-0.0794010173845,-0.18595706127,0.0235970929624,0.00282398524948,0.145834875503,0.122,0.269,1.051409268e-05,1.09363454e-05,0.01002,0.000167947264559,True
18,Calhoun,1,0.0,1.0,0.0,0,1,0.0,0.0,0.0,-0.0645161290323,-0.309523809524,-0.107692307692,-0.608695652174,-0.666666666667,-0.4375,1.2,0.0,0.0,0.0658799328669,-0.186086257151,-0.46260599267,0.0797225294917,-0.167588217498,-0.473462437252,0.122,0.424,7.037297678e-06,8.601141606e-06,0.00022,0.000158127767236,False
19,Camden,0,0.0,1.0,1.0,0,2,-0.222222222222,-0.3,6.0,0.0363636363636,-0.40625,0.357142857143,-0.75974025974,-0.430769230769,-0.308411214953,-0.00404312668464,-0.171524663677,-0.150574712644,-0.0171249200727,-0.0687187352938,-0.0889401092312,-0.0617240220236,0.132013470755,0.344677937307,0.138,0.204,6.120264138e-06,1.45332588e-05,0.00739,0.000132055538787,False
20,Candler,1,1.0,1.0,1.0,0,1,-0.5,0.0,-0.5,-0.140350877193,-0.489583333333,0.113636363636,-0.230769230769,-0.230769230769,-0.411764705882,0.0553482587065,0.394412489729,0.305384615385,0.0639680531151,-0.104545601356,-0.262394140511,0.179845068101,0.090106789125,0.157084001116,0.168,0.433,1.2542916e-05,1.199359121e-05,0.01697,9.16590284143e-05,False
21,Carroll,0,1.0,1.0,3.0,1,3,0.4,0.0769230769231,0.555555555556,-0.10447761194,-0.473684210526,0.176470588235,0.038961038961,-0.0733590733591,1.97213622291,-0.0226320201174,-0.154459753445,-0.0283333333333,0.013905186298,-0.0310805062935,-0.147182774096,-0.0425183211645,0.0159726762044,0.120272282896,0.161,0.264,9.058237714e-06,1.309374323e-05,0.01166,0.000240837426136,True
22,Catoosa,0,2.0,0.0,1.0,1,2,1.36363636364,1.6,12.0,-0.0769230769231,-0.414634146341,0.2,-0.0578947368421,0.467213114754,0.231651376147,-0.0637096774194,-0.329289428076,-0.160520607375,-0.0227326389019,-0.0243049725877,-0.0360857937175,0.0187010091487,0.286017355054,0.21614069565,0.12,0.196,9.917230432e-06,1.068823463e-05,0.01161,0.00039157805958,True
23,Charlton,1,0.0,1.0,0.0,0,1,-0.666666666667,0.0,0.0,-0.09375,-0.452830188679,0.234042553191,0.885714285714,0.2,1.0625,0.04,0.326530612245,0.13413304253,0.052294540969,-0.0722200973206,-0.162981259448,-0.0424824803216,-0.102909372488,0.168939965424,0.164,0.377,6.351446718e-06,9.252724849e-06,0.0104,8.00192046091e-05,False
24,Chatham,0,1.0,1.0,7.0,0,3,0.206896551724,0.666666666667,0.944444444444,-0.103448275862,-0.48,0.268292682927,0.0815691158157,-0.201379310345,0.170485175202,-0.0330296127563,-0.149298597194,-0.129230769231,-0.0125296981455,-0.00538962580004,-0.103582165423,0.0116173682693,0.0282411160861,-0.0877737600859,0.12,0.253,8.612064533e-06,1.410099635e-05,0.00849,0.000121072913568,False
25,Chattahoochee,1,0.0,0.0,0.0,1,1,0.0,-1.0,-1.0,-0.0454545454545,-0.275862068966,-0.134020618557,-0.888888888889,0.0,-0.952380952381,0.0,0.0,0.0,-0.117828185467,-0.111169684647,0.391469000463,-0.0313021202825,-0.338842829354,0.0379205013024,0.159,0.245,2.233738385e-06,1.778055754e-05,0.0,0.0,False
26,Chattooga,1,1.0,1.0,0.0,0,1,0.75,1.33333333333,1.33333333333,0.0,-0.436363636364,0.24,0.203125,1.65517241379,5.41666666667,-0.00379075056861,0.0588235294118,0.27079303675,0.0309236548035,0.0457460161195,0.0284149251241,-0.0493559943721,0.117000595469,0.110788026289,0.299,0.288,1.150766507e-05,1.22721603e-05,0.01314,0.000281985175636,True
27,Cherokee,0,3.0,2.0,1.0,0,4,-0.0925925925926,1.04166666667,1.88235294118,-0.106382978723,-0.487804878049,0.0769230769231,-0.168094218415,0.146017699115,2.94416243655,0.0294117647059,-0.111675126904,-0.0728476821192,-0.02960077658,-0.121255863977,-0.350346120409,-0.0021643467815,0.0945863152859,0.23784550067,0.052,0.123,6.138722559e-06,1.157767265e-05,0.007,0.000202739884728,True
28,Clarke,0,1.0,1.0,3.0,1,2,0.416666666667,0.0625,1.83333333333,-0.0819672131148,-0.397849462366,0.333333333333,0.0449704142012,-0.150144369586,0.13350449294,-0.0122075279756,-0.236034618411,-0.143738977072,0.0249824057233,-0.0956348294356,-0.213702179659,0.040267079389,0.153473367486,0.102915868032,0.086,0.416,6.209329296e-06,1.117034985e-05,0.00971,0.000136319532985,False
29,Clay,1,0.0,1.0,0.0,0,2,0.0,0.0,0.0,-0.110169491525,-0.146341463415,1.38636363636,-1.0,-1.0,-1.0,-0.110707803993,-0.581196581197,-0.548802946593,-0.0762777242014,-0.0273422750106,-0.464699453293,0.313296903861,-0.137158469556,-0.115553777892,0.086,0.52,1.147540984e-05,1.016393443e-05,0.0049,0.000331125827815,True
30,Clayton,0,3.0,4.0,5.0,0,0,-0.103448275862,0.238095238095,0.3,-0.131578947368,-0.507462686567,0.03125,0.119956379498,-0.0428704566636,-0.702835648148,-0.0669456066946,-0.222996515679,-0.143953934741,-0.0958527432412,-0.141499213185,-0.237672018979,-0.033031546763,0.107412986395,0.177323947273,0.143,0.354,6.061164966e-06,1.437899278e-05,0.00446,9.30359047026e-05,False
31,Clinch,1,0.0,1.0,1.0,0,1,0.0,0.0,0.0,-0.114285714286,-0.436363636364,0.265306122449,-0.322580645161,-0.34375,-0.222222222222,-0.0169491525424,0.113737075332,0.314734088928,-0.0292002279931,-0.0860969770805,0.0724130751106,-0.134643974237,-0.318989284722,-0.0904499612898,0.154,0.396,8.458509552e-06,1.472947353e-05,0.01508,0.000146434324206,False
32,Cobb,0,4.0,3.0,4.0,0,5,0.192307692308,0.698630136986,1.17543859649,-0.0980392156863,-0.477272727273,0.0,0.0695825049702,0.928315412186,1.66336633663,-0.00162866449511,-0.185922974768,-0.181575433912,-0.00868656308715,-0.045185232452,-0.221295317863,0.0412875660419,0.113197599163,0.188646351366,0.065,0.164,6.005533853e-06,1.30525286e-05,0.00613,0.000165742164005,True
33,Coffee,0,1.0,1.0,1.0,0,1,0.166666666667,-0.3,6.0,-0.119402985075,-0.542635658915,0.11320754717,-0.31568627451,0.0417910447761,0.0,0.0407185628743,-0.0750399148483,0.192862045299,-0.0133956044322,-0.0362061556281,-0.223524105623,-0.0824979709552,-0.00692211667966,0.139612250786,0.225,0.34,9.200422848e-06,1.338243323e-05,0.01738,0.000162745280387,True
34,Colquitt,0,1.0,1.0,2.0,0,1,-0.666666666667,-0.857142857143,-0.5,-0.171875,-0.442105263158,0.204545454545,0.13,0.0319634703196,0.0,-0.00695249130939,0.0178147268409,0.182068965517,-0.0536037296988,-0.184394493655,-0.202653574426,-0.019682728586,0.0181778669614,-0.105186665647,0.231,0.355,9.905644906e-06,1.362299509e-05,0.00857,2.18780082261e-05,False
35,Columbia,0,1.0,0.0,0.0,1,3,0.157894736842,1.2,1.2,-0.06,-0.356164383562,0.146341463415,-0.0636942675159,0.117870722433,0.953488372093,-0.0436835891381,-0.164948453608,-0.112814895947,-0.0398129006768,-0.0778097783352,-0.150746147474,-0.0149890109304,0.0239549310765,-0.0176308632243,0.072,0.113,6.222344184e-06,1.17312112e-05,0.0081,0.000149203119702,False
36,Cook,1,1.0,1.0,1.0,1,1,-1.0,-1.0,0.0,-0.194029850746,-0.522123893805,0.0,-0.189189189189,-0.333333333333,-0.615384615385,0.0134228187919,-0.0399636693915,0.253855278766,0.0367538248798,-0.0728140051866,-0.269935949851,0.00856891234284,0.178397521644,0.132428896127,0.144,0.357,1.226205769e-05,1.28459652e-05,0.01057,0.0,False
37,Coweta,0,1.0,1.0,1.0,1,1,0.307692307692,0.214285714286,0.888888888889,-0.0566037735849,-0.450549450549,0.162790697674,-0.163543441227,0.155294117647,0.0581896551724,0.0012315270936,-0.151356993737,-0.0298329355609,0.00507188604499,-0.0492891986865,-0.204299446975,-0.0112833082357,0.04639757982,0.0153879426198,0.086,0.164,7.116110242e-06,1.205147702e-05,0.00813,0.000120974054623,False
38,Crawford,1,1.0,0.0,0.0,1,1,0.0,-0.5,0.5,-0.0634920634921,-0.453703703704,0.11320754717,0.307692307692,-0.5,0.789473684211,0.222222222222,0.0,0.0,-0.212084285146,-0.247363300036,-0.308690913032,0.0422887871424,0.208416087857,0.460528818155,0.163,0.289,9.380180326e-06,8.167225973e-06,0.00011,0.000243466969648,True
39,Crisp,1,0.0,1.0,1.0,0,1,0.0,0.0,-0.5,-0.102941176471,-0.561151079137,0.051724137931,-0.0294784580499,0.222857142857,0.209039548023,-0.0229563269877,-0.10650281618,0.0562953995157,-0.0742355310338,-0.106540168399,-0.206984363431,0.296336756364,0.0957704931112,-0.108127096734,0.167,0.474,1.171797854e-05,1.281516754e-05,0.01745,4.40121473527e-05,False
40,Dade,1,1.0,1.0,1.0,0,1,-1.0,-1.0,-1.0,-0.0727272727273,-0.3625,0.243902439024,-0.148148148148,-0.557692307692,-0.616666666667,-0.100840336134,-0.287345385347,0.157650695518,-0.0458802653494,0.0986843694103,0.0145276178583,-0.00335033867251,0.310752156088,0.0645095863009,0.117,0.218,1.121414708e-05,9.796974645e-06,0.00749,0.0,False
41,Dawson,1,0.0,1.0,0.0,0,1,-0.285714285714,1.5,0.0,-0.078431372549,-0.534653465347,0.236842105263,-0.0579710144928,-0.0909090909091,0.382978723404,-0.0929765886288,-0.115459882583,-0.021645021645,0.151926781248,-0.00355669437238,-0.220653871846,-0.0538345341751,0.107810499404,0.299427427163,0.081,0.18,8.365343577e-06,1.088348271e-05,0.01356,0.000211828503643,True
42,DeKalb,0,8.0,3.0,9.0,0,2,0.0,0.357142857143,0.948717948718,-0.0147058823529,-0.441666666667,0.0634920634921,-0.672629695886,-0.107317073171,0.14375,-0.0207667731629,-0.0598159509202,0.168732125834,0.0348106175003,-0.0306986208586,-0.119784626485,0.042828560743,0.0896534551502,0.150659299941,0.242,0.399,1.229515786e-05,1.299879641e-05,0.01226,0.00283349489225,True
43,Decatur,1,1.0,1.0,1.0,0,6,0.0,0.0,2.0,-0.1,-0.485714285714,-0.0357142857143,-0.280323450135,-0.302872062663,0.394660475914,-0.0174291938998,-0.119140625,-0.0131291028446,-0.0086035937544,-0.0571530882363,-0.0499054149313,0.00595536845042,0.0411286676905,0.168596587283,0.123,0.277,6.306518523e-06,1.49727204e-05,0.00451,4.05229623366e-06,False
44,Dodge,1,1.0,1.0,1.0,0,1,0.0,1.0,1.0,-0.119047619048,-0.39837398374,0.541666666667,0.0952380952381,0.0337078651685,0.508196721311,-0.0392156862745,0.00648648648649,-0.120868744098,-0.0563435363235,-0.110611481518,-0.244554036521,0.0406678757192,0.00484108891964,0.0482305795484,0.175,0.381,1.139381065e-05,1.033167576e-05,0.00931,0.00019452414531,True
45,Dooly,1,0.0,1.0,0.0,0,1,0.0,0.0,-0.5,-0.226666666667,-0.557251908397,-0.0645161290323,2.125,2.125,0.923076923077,0.0,0.0,0.0,-0.0754788968543,-0.243277972303,-0.51991620315,-0.0713808422877,0.0164295877435,-0.125499707595,0.176,0.454,7.946254425e-06,6.790435599e-06,6e-05,7.26585773451e-05,False
46,Dougherty,0,1.0,1.0,2.0,0,2,0.8,0.5,0.8,-0.103896103896,-0.434426229508,0.131147540984,0.153677277717,-0.169169960474,0.850352112676,-0.048644338118,-0.0606299212598,0.021404109589,-0.00232350790978,-0.177280565466,-0.215915385499,0.0138462890839,0.305374952781,0.145621832657,0.201,0.421,1.04702222e-05,1.361459873e-05,0.01193,9.99811146783e-05,False
47,Douglas,0,2.0,1.0,2.0,0,1,0.941176470588,1.53846153846,1.35714285714,-0.126984126984,-0.495412844037,-0.0178571428571,-0.293445580277,-0.0305280528053,0.00771869639794,-0.0257731958763,-0.168133802817,-0.0851887705712,-0.0172356872102,-0.0481771744139,-0.207967498556,0.0375594252412,0.15683444369,0.174332116356,0.1,0.216,7.204086322e-06,1.252054649e-05,0.00945,0.000232028349646,True
48,Early,1,0.0,2.0,1.0,1,2,0.0,0.0,0.0,0.0144927536232,-0.391304347826,0.272727272727,-0.383333333333,-0.525641025641,0.85,-0.00418760469012,0.100925925926,0.134541984733,-0.0241160510851,-0.116623268101,-0.0543228254252,-0.00215758265088,0.163435645806,0.0874367637588,0.153,0.416,1.296456353e-05,1.277249592e-05,0.01189,0.000193442305832,True
49,Echols,1,0.0,0.0,0.0,0,1,-1.0,0.0,-1.0,-0.0851063829787,-0.469135802469,0.264705882353,1.4,-0.294117647059,0.0,0.0,0.0,0.0,-0.121968278085,-0.379894154972,-0.33197826884,0.148195329092,-0.459394904462,-0.0804559168048,0.153,0.393,4.246284501e-06,9.741476208e-06,0.0,0.0,False
50,Effingham,0,1.0,1.0,1.0,0,1,2.0,-0.142857142857,0.5,-0.0392156862745,-0.47311827957,0.361111111111,0.967213114754,0.791044776119,0.25,-0.080738177624,0.0556291390728,0.271132376396,0.0323338997735,0.0380135813142,-0.138871557523,-0.0300013831731,0.15481049932,0.208974795954,0.129,0.153,7.180646776e-06,1.306670579e-05,0.00797,0.000102193759368,False
51,Elbert,1,1.0,1.0,1.0,0,1,-0.5,-0.333333333333,-0.333333333333,-0.121621621622,-0.596273291925,-0.0579710144928,-0.0632911392405,-0.506666666667,1.05555555556,0.0159279778393,0.0988764044944,0.101351351351,0.0213299147393,-0.125736422538,-0.139532795836,0.123629598108,0.0305174733775,0.0309566692937,0.171,0.353,1.35258161e-05,1.108076473e-05,0.01467,0.000104476832262,False
52,Emanuel,1,1.0,1.0,1.0,0,1,0.0,0.0,0.0,-0.103448275862,-0.413533834586,0.772727272727,0.133333333333,-0.328947368421,-0.227272727273,0.0327868852459,0.0216216216216,0.00889679715302,-0.0368860547266,-0.0886846730533,-0.194005774957,0.0237169543959,-0.0346172390837,0.0243583435907,0.245,0.402,1.187795293e-05,1.351172341e-05,0.01134,4.4179368235e-05,False
53,Evans,1,0.0,1.0,1.0,0,1,0.0,0.0,0.0,-0.107142857143,-0.450549450549,0.0869565217391,0.0,-0.740740740741,0.0,-0.092936802974,-0.278959810875,-0.149232914923,-0.0611879224792,-0.0624608144387,-0.302371787915,0.17217571647,0.251355742988,0.0969293874544,0.295,0.418,1.196597177e-05,1.280732916e-05,0.0122,9.37207122774e-05,False
54,Fannin,1,0.0,1.0,1.0,1,1,0.4,6.0,1.33333333333,-0.145161290323,-0.530973451327,0.232558139535,-0.314606741573,-0.290697674419,7.71428571429,-0.0551132884262,0.183282208589,0.627637130802,-0.0331668583582,0.0522856572464,-0.149348476946,-0.00167180446397,0.114285703375,0.0114278808336,0.094,0.298,1.260546915e-05,8.783165599e-06,0.01543,0.000281124497992,True
55,Fayette,0,2.0,2.0,1.0,0,2,-0.529411764706,-0.272727272727,0.6,-0.0961538461538,-0.4125,0.119047619048,0.554054054054,0.188630490956,0.642857142857,0.0419977298524,0.0787309048179,0.141791044776,0.0173356429501,0.133892053634,-0.067521332549,0.0173630152998,0.10545472993,0.248464192756,0.031,0.1,7.885746693e-06,8.236824457e-06,0.00918,7.16672489631e-05,False
56,Floyd,0,1.0,1.0,3.0,0,1,0.333333333333,-0.0588235294118,0.0,-0.10447761194,-0.504132231405,0.276595744681,-0.236744759556,-0.185526315789,-0.106782106782,-0.0424734540912,-0.047234307023,0.0464163822526,-0.0168720932951,-0.103124347496,-0.214670804708,0.0075153771836,0.119218097475,0.0888442946815,0.182,0.287,1.13759508e-05,1.213296485e-05,0.01533,0.00016570008285,True
57,Forsyth,0,1.0,1.0,1.0,0,1,-0.378378378378,-0.206896551724,1.3,-0.0666666666667,-0.432432432432,0.2,0.121710526316,-0.243902439024,17.9444444444,-0.0321361058601,-0.208655332303,-0.0673952641166,-0.0544746055663,-0.148549589262,-0.354710429811,-0.00608005671131,0.204081887227,0.231997781726,0.026,0.069,5.545627912e-06,1.056485984e-05,0.00512,0.00010406816012,False
58,Franklin,1,0.0,1.0,2.0,0,3,-0.285714285714,-0.166666666667,1.5,-0.15873015873,-0.565573770492,0.0,-0.153846153846,0.25,-0.549180327869,-0.0368338557994,-0.238065716057,-0.364857881137,-0.0486597633314,-0.0456081169628,-0.129984238913,-0.0661555060659,0.0771397319616,0.247117328346,0.197,0.313,1.232106454e-05,1.178341809e-05,0.01229,0.000224014336918,True
59,Fulton,0,4.0,5.0,15.0,1,12,0.186206896552,0.829787234043,1.07228915663,-0.1,-0.470588235294,-0.0181818181818,-0.145728643216,-0.284332688588,-0.351613235749,0.0020366598778,-0.13532513181,-0.0888888888889,0.0184237548566,-0.0621253763851,-0.0754766796322,0.0656851387514,0.178930928939,0.124860460344,0.087,0.238,7.047277414e-06,1.303406611e-05,0.00492,0.000168077737908,True
60,Gilmer,1,0.0,1.0,0.0,0,1,0.666666666667,0.666666666667,1.5,-0.0666666666667,-0.525423728814,0.435897435897,-0.348148148148,-0.247863247863,-0.328244274809,-0.0301291248207,-0.024531024531,0.288846520496,-0.0598503990251,-0.0634260453718,-0.269088971047,-0.0574921649892,0.680870501005,0.222259245123,0.234,0.306,1.116581231e-05,1.055676801e-05,0.01352,0.000168163320217,True
61,Glascock,1,0.0,0.0,0.0,0,1,0.0,-1.0,0.0,-0.089552238806,-0.424528301887,0.196078431373,-1.0,0.0,0.0,0.0,0.0,0.0,0.505711920638,-0.108411663849,-0.47142384111,-0.125715659431,-0.1362738,-0.279214328825,0.243,0.244,8.940397351e-06,8.940397351e-06,0.0,0.0,False
62,Glynn,0,1.0,2.0,2.0,1,1,0.272727272727,0.4,0.0769230769231,-0.131147540984,-0.490384615385,0.292682926829,-0.396028037383,-0.351317440402,-0.41581920904,0.00480769230769,-0.179748822606,-0.19054996127,-0.0117790669249,-0.0799660190364,-0.202785228152,0.0200088615596,0.0738113236533,-0.0135180910645,0.174,0.3,1.036066042e-05,1.172860066e-05,0.01045,0.000165676552034,True
63,Gordon,0,0.0,1.0,1.0,0,1,2.66666666667,0.0,1.2,-0.0338983050847,-0.512820512821,0.212765957447,-0.122935779817,0.130023640662,0.738181818182,-0.0183333333333,-0.191489361702,-0.0125733445096,-0.00835166694171,-0.0479978494682,-0.309703045292,0.0543954034028,0.0283449353655,0.0836599789556,0.191,0.264,9.291070151e-06,1.252351471e-05,0.01178,0.000193308027555,True
64,Grady,1,1.0,1.0,1.0,1,1,-0.5,0.0,0.0,-0.0833333333333,-0.421052631579,0.486486486486,0.134020618557,1.03703703704,0.641791044776,0.053547523427,0.249206349206,0.316053511706,-0.0457259334328,-0.182340086244,-0.228687185918,-0.0188795654531,0.283376120667,-0.0450754059048,0.288,0.411,9.813346151e-06,1.253705039e-05,0.00787,4.03095775556e-05,False
65,Greene,1,2.0,1.0,1.0,0,1,-0.5,-0.5,0.0,-0.121212121212,-0.528455284553,0.0,-0.0963855421687,-0.21875,0.315789473684,0.0982211910286,0.107644305772,0.39489194499,-0.0213216134395,-0.0546719230605,-0.196717483769,0.130719784765,0.190289130952,0.211588861291,0.129,0.379,1.238995761e-05,9.72226339e-06,0.0142,5.88131506205e-05,False
66,Gwinnett,0,3.0,5.0,4.0,1,4,-0.15,0.734693877551,1.02380952381,-0.0961538461538,-0.459770114943,0.0681818181818,0.0317712470214,0.064317902499,0.153641207815,0.00636942675159,-0.133455210238,-0.18275862069,-0.0311160206584,-0.0999615065179,-0.308899886263,0.0251939370323,0.14350650762,0.207617644133,0.071,0.179,4.868723893e-06,1.292178432e-05,0.00474,9.37015989902e-05,False
67,Habersham,0,2.0,1.0,1.0,1,1,3.0,0.0,1.66666666667,-0.0701754385965,-0.495238095238,0.292682926829,0.0334728033473,1.42156862745,0.635761589404,-0.0574074074074,-0.261248185776,-0.160066006601,0.00178306380416,-0.0697058920128,-0.258559440496,0.0384102225856,0.0721936125694,0.277411896759,0.15,0.235,1.000317561e-05,1.120537132e-05,0.01018,0.000180807304615,True
68,Hall,0,1.0,1.0,3.0,0,2,0.25,0.111111111111,0.5,-0.0816326530612,-0.494382022472,0.0975609756098,0.149326805386,0.295172413793,0.58883248731,-0.0257731958763,-0.0904716073147,-0.058764940239,-0.0352365649312,-0.0657222721148,-0.248326896433,-0.00805938346882,0.196967559854,0.179243534465,0.138,0.243,7.863675768e-06,1.344980944e-05,0.00945,0.000152565386982,False
69,Hancock,1,0.0,1.0,0.0,0,0,0.0,0.0,0.0,-0.142857142857,-0.575757575758,0.217391304348,0.0,3.0,-0.727272727273,-0.0236363636364,0.12108559499,0.0,-0.0483049301271,-0.237877270025,-0.372074344954,0.201045647732,0.513904581953,0.286310391112,0.138,0.437,1.417121617e-05,7.782553142e-06,0.00537,0.0,False
70,Haralson,1,0.0,1.0,1.0,1,4,-0.1,0.285714285714,1.25,-0.107692307692,-0.5,0.137254901961,0.578431372549,-0.0242424242424,0.15,-0.0555826426134,-0.180279305967,0.339557399723,0.00358592688001,-0.0549885911703,-0.128482771665,0.00377708548967,-0.0900481051163,0.125852157984,0.138,0.27,1.222840167e-05,1.243566272e-05,0.01937,0.000309896012671,True
71,Harris,1,1.0,1.0,0.0,0,1,3.5,8.0,8.0,-0.0384615384615,-0.324324324324,0.25,-0.240384615385,-0.0919540229885,1.72413793103,-0.133333333333,0.5,0.21875,0.0163815643017,-0.115170166609,-0.256069091727,0.172388126668,0.3284259112,0.242233552053,0.066,0.136,9.511844939e-06,8.584589615e-06,0.00078,0.000267443242601,True
72,Hart,1,1.0,1.0,0.0,0,0,0.0,-0.5,0.0,-0.112903225806,-0.508928571429,-0.179104477612,-0.348314606742,-0.725118483412,-0.395833333333,-0.0124045801527,-0.0217391304348,0.41975308642,0.00501830949352,-0.0710225749903,-0.0527862784563,0.082864921773,0.0624560545929,-0.000827919252379,0.204,0.287,1.190779295e-05,1.030180771e-05,0.01035,7.82686964349e-05,False
73,Heard,1,0.0,1.0,0.0,0,1,0.0,0.5,0.0,-0.078125,-0.477876106195,0.11320754717,-0.0208333333333,0.0217391304348,0.0,0.0,0.0,0.0,-0.0320481648778,-0.183280184034,-0.263266548149,-0.107537848631,-0.0246887964522,0.233114146487,0.356,0.307,1.025685601e-05,8.866095876e-06,6e-05,0.000261164794986,True
74,Henry,0,2.0,2.0,2.0,0,1,0.321428571429,0.121212121212,0.85,-0.112903225806,-0.466019417476,0.170212765957,-0.0350427350427,0.427307206068,2.93379790941,-0.040293040293,-0.0955120828539,-0.00882723833544,0.0584554979119,-0.00261103266818,-0.272656857915,0.031412209289,0.236684428281,0.257380553715,0.066,0.158,6.99680016e-06,1.183758307e-05,0.00786,0.000166841023051,True
75,Houston,0,2.0,1.0,2.0,0,1,0.0,0.363636363636,1.5,-0.0689655172414,-0.364705882353,0.285714285714,-0.142250530786,0.0227848101266,0.783664459161,-0.0584088620342,-0.240454914703,-0.169626998224,-0.0378379244105,-0.124185682494,-0.172997506834,0.0121960326995,0.123198172874,0.180630571523,0.103,0.226,8.011016803e-06,1.283748891e-05,0.00935,9.86050669857e-05,False
76,Irwin,1,0.0,1.0,1.0,1,1,0.0,0.0,0.0,-0.0833333333333,-0.442028985507,0.54,-0.093023255814,-0.113636363636,0.444444444444,-0.0668841761827,-0.175792507205,-0.267605633803,-0.0751636698722,-0.139988835413,-0.0697442519178,0.0277780564648,-0.0160732476564,0.13822501219,0.17,0.371,1.018821385e-05,9.973725133e-06,0.00572,0.000106134578646,False
77,Jackson,0,2.0,2.0,1.0,0,1,-0.388888888889,0.1,0.1,-0.125,-0.5625,-0.0454545454545,0.257668711656,0.0,-0.229323308271,0.0667886550778,-0.0323651452282,0.203302373581,0.00377062596091,-0.0190873480841,-0.220873620054,0.0492801301552,0.119449040307,0.113714576285,0.091,0.178,9.118469601e-06,1.300400304e-05,0.01166,0.000170239108566,True
78,Jasper,1,0.0,1.0,1.0,0,1,0.0,-0.666666666667,0.0,-0.127272727273,-0.563636363636,0.0212765957447,0.472222222222,0.432432432432,0.472222222222,-0.0328947368421,0.0808823529412,0.25641025641,-0.0516370276224,-0.242139853015,-0.14044570126,-0.123631196299,-0.00272723228664,0.129983478343,0.124,0.289,8.798298996e-06,1.085123543e-05,0.00588,7.32386113959e-05,False
79,Jeff Davis,1,0.0,1.0,1.0,0,1,5.0,5.0,-0.142857142857,-0.0597014925373,-0.5,0.145454545455,-0.326388888889,0.154761904762,-0.0761904761905,-0.11911623439,-0.374061433447,-0.278520849725,0.0588480128793,0.172759116962,-0.216333956239,0.103277374663,0.118617654529,-0.0154039105584,0.247,0.341,1.067149904e-05,1.429578174e-05,0.00917,0.000403307118371,True
80,Jefferson,1,1.0,1.0,1.0,1,1,1.0,1.0,1.0,-0.166666666667,-0.436090225564,0.102941176471,-0.259259259259,0.25,-0.405940594059,-0.0302325581395,0.109042553191,-0.00556438791733,-0.0368916499898,-0.0938225820972,-0.149439145625,0.0923751673561,0.2767142161,0.223702941553,0.19,0.397,1.507050621e-05,1.26317106e-05,0.01251,0.000125659713496,False
81,Jenkins,1,0.0,1.0,1.0,0,1,0.0,0.0,0.0,-0.0843373493976,-0.468531468531,0.52,0.0,-1.0,0.0,-0.181578947368,-0.159459459459,-0.380478087649,-0.0666836584443,-0.180296120592,-0.362594233135,0.456160072186,0.0373423792037,0.0599109427895,0.117,0.473,1.146582734e-05,1.045413669e-05,0.00311,0.000113007119449,False
82,Johnson,1,0.0,1.0,0.0,0,1,-1.0,-1.0,0.0,-0.114285714286,-0.441441441441,0.148148148148,0.0,-0.814814814815,-0.285714285714,-0.197149643705,-0.037037037037,-0.295833333333,-0.175094297197,-0.0787556313736,-0.417394215212,0.341091997039,0.127312187926,-0.112480499881,0.163,0.371,9.738219895e-06,7.958115183e-06,0.00338,0.0,False
83,Jones,1,0.0,0.0,0.0,1,1,0.0,-0.4,-0.25,-0.109090909091,-0.467391304348,0.0652173913043,-0.0343137254902,0.152046783626,0.551181102362,-0.00185528756957,0.127882599581,0.707936507937,-0.139541164454,-0.230572967969,-0.33108678556,-0.0686199809733,0.159657951841,0.377672840539,0.107,0.207,9.514315197e-06,8.639837697e-06,0.00538,0.000104810816476,False
84,Lamar,1,1.0,0.0,0.0,0,1,-0.5,-0.25,0.5,-0.155844155844,-0.525547445255,0.203703703704,-0.510204081633,-0.586206896552,0.846153846154,0.0485436893204,-0.182702702703,0.0738636363636,-0.044899536178,-0.0225279528077,-0.151323571568,0.0371267391696,0.0949459549427,-0.0788612230975,0.103,0.293,1.159467625e-05,1.088701995e-05,0.00756,0.00016243434945,True
85,Lanier,1,0.0,1.0,1.0,0,1,0.0,0.0,0.0,-0.149253731343,-0.457142857143,0.5,-0.242424242424,0.470588235294,0.0,3.84756097561,0.0,0.0,-0.0520823148396,0.0110258811712,-0.171751521657,0.424908247726,0.327914590174,0.0272579401271,0.182,0.359,9.676326866e-06,1.2966278e-05,0.00795,0.00019232618521,True
86,Laurens,0,2.0,1.0,2.0,0,1,0.2,-0.333333333333,1.0,-0.106666666667,-0.514492753623,0.288461538462,-0.0661577608142,-0.34229390681,-0.387312186978,-0.0661596958175,-0.230576441103,-0.270783847981,-0.00996308458501,-0.0248018428208,-0.159871407626,-0.000586977452761,0.0720516375205,0.131808753498,0.211,0.36,1.129552063e-05,1.270221186e-05,0.01228,0.000126273255325,False
87,Lee,1,1.0,1.0,0.0,0,1,-0.333333333333,0.0,1.0,-0.0943396226415,-0.435294117647,0.411764705882,-0.427215189873,-0.501377410468,-0.245833333333,-0.0472727272727,0.306733167082,0.497142857143,-0.0932882271082,-0.118298433926,0.0378088614988,0.0727810095883,0.404133918537,0.393326252015,0.115,0.161,7.335505553e-06,1.11909108e-05,0.00524,6.81732965198e-05,False
88,Liberty,0,1.0,1.0,2.0,1,1,-0.2,1.0,-0.333333333333,-0.0793650793651,-0.376344086022,0.0357142857143,-0.207492795389,0.122448979592,0.0576923076923,-0.051724137931,-0.0265486725664,0.0805500982318,-0.0862902363554,0.130678928583,0.253647788775,-0.0227226495201,0.147401902374,0.161451531155,0.214,0.273,5.403720254e-06,2.158290634e-05,0.0055,6.39284001918e-05,False
89,Lincoln,1,0.0,1.0,0.0,0,1,1.0,0.0,1.0,-0.119402985075,-0.491379310345,-0.119402985075,0.225806451613,0.0,0.0,8.96296296296,0.0,0.0,-0.139776146684,0.412938611042,0.128715673274,0.11082351083,0.10967066281,-0.105371692716,0.214,0.319,1.134532328e-05,1.070070264e-05,0.00269,0.000255493101686,True
90,Long,1,1.0,0.0,0.0,0,1,0.0,1.0,0.0,-0.0677966101695,-0.38202247191,0.341463414634,-0.387096774194,0.0,-0.525,0.0,0.0,0.0,-0.139953839731,0.452141479826,0.182729268477,0.0931121040253,0.238754277555,0.0569655348723,0.12,0.277,6.126504029e-06,1.446075726e-05,1e-05,0.000108477518034,False
91,Lowndes,0,4.0,1.0,2.0,1,1,0.833333333333,0.375,2.66666666667,-0.118644067797,-0.474747474747,0.238095238095,0.0617283950617,-0.199586349535,-0.244140625,0.0142231947484,-0.12629594722,0.0265780730897,0.00399607193018,-0.115406915589,-0.180866561712,0.02279545002,0.0371892371128,0.072422224605,0.143,0.324,7.847018177e-06,1.415265778e-05,0.00927,9.59625920368e-05,False
92,Lumpkin,1,1.0,1.0,1.0,0,1,1.66666666667,1.0,0.0,-0.0925925925926,-0.5,0.225,0.541666666667,-0.44776119403,0.193548387097,0.0465994962217,0.12449255751,0.323248407643,0.0101926338006,-0.147379071609,-0.261863012928,-0.0322690184883,0.215614063276,0.0824582416485,0.123,0.224,8.957745581e-06,8.638964599e-06,0.00831,0.000254412466211,True
93,Macon,1,0.0,1.0,1.0,1,1,0.0,0.0,0.0,-0.132530120482,-0.458646616541,-0.0526315789474,-0.388888888889,-0.365384615385,0.222222222222,-0.0522648083624,-0.0867375489647,0.257318952234,0.0347213864166,-0.0658589875462,-0.172363280235,0.119671161797,0.0779743501882,0.126022937689,0.199,0.436,1.19028246e-05,1.306520981e-05,0.01632,4.6533271289e-05,False
94,Madison,1,1.0,3.0,0.0,0,1,0.333333333333,-0.333333333333,-0.333333333333,-0.107692307692,-0.452830188679,0.567567567568,-0.226086956522,-0.270491803279,-0.508287292818,0.0502793296089,-0.124563445867,0.0203527815468,0.0118250864092,-0.130435721112,-0.361897755593,-0.0719702285915,0.0152817052716,-0.100636927591,0.214,0.23,8.899734443e-06,8.110241872e-06,0.00752,0.000287211890572,True
95,Marion,1,0.0,1.0,0.0,0,1,0.0,0.0,0.0,-0.0978260869565,-0.398550724638,0.97619047619,0.0,0.0,0.0,-0.0921228304406,0.203539823009,0.0828025477707,-0.106052549702,-0.124793953232,-0.281576181117,0.0765234129037,0.103724412321,-0.0927568754411,0.29,0.401,1.135986427e-05,9.368199757e-06,0.0068,7.43494423792e-05,False
96,McDuffie,1,1.0,1.0,1.0,0,1,0.0,0.0,-0.5,-0.0909090909091,-0.50495049505,-0.107142857143,0.622222222222,-0.120481927711,0.303571428571,-0.106125970664,0.0560652395515,0.144751381215,-0.0570589322982,0.0467725650563,-0.0105274943902,-0.104349110688,-0.134058696108,-0.0849464101593,0.112,0.405,8.773156239e-06,1.209367354e-05,0.01036,3.46933111296e-05,False
97,McIntosh,1,0.0,1.0,0.0,0,1,1.0,3.0,1.0,-0.119047619048,-0.288461538462,0.510204081633,0.323529411765,-0.457831325301,3.5,-0.0251256281407,0.0,0.0,-0.0249744305312,-0.160634406767,-0.21710697108,0.392893670389,0.0871782919127,-0.179826350444,0.159,0.393,9.323465999e-06,9.789639298e-06,0.00194,0.000469263256687,True
98,Meriwether,1,2.0,1.0,2.0,0,1,-1.0,-1.0,-1.0,-0.15,-0.492537313433,0.0149253731343,-0.369230769231,-0.280701754386,-0.286956521739,0.0753246753247,1.57142857143,0.754237288136,-0.0696531343211,0.0236763667293,-0.133278126007,-0.0270308997508,0.064581467371,0.113259886582,0.129,0.337,1.235064474e-05,1.154619662e-05,0.00828,0.0,False
99,Miller,1,1.0,1.0,1.0,0,1,0.0,0.0,-1.0,0.0185185185185,-0.402173913043,0.447368421053,0.28125,-0.211538461538,0.0,-0.0580086580087,-0.211022480058,-0.17513267627,0.0490912024818,-0.26297428938,-0.148052309845,-0.0230715002782,0.00110914161013,0.0633307950089,0.143,0.378,1.444104655e-05,1.087325858e-05,0.01088,0.0,False
100,Mitchell,1,2.0,1.0,1.0,0,1,-1.0,-1.0,0.0,-0.0149253731343,-0.34,0.375,0.145454545455,1.8,0.0,-0.0608044901777,0.0255362614913,0.373461012312,-0.0936932728708,-0.1227576087,-0.300527970598,-0.065466548249,0.0981217356373,0.206835544151,0.253,0.381,1.090051611e-05,1.121195942e-05,0.01004,0.0,False
101,Monroe,1,0.0,1.0,1.0,0,1,0.0,0.333333333333,0.0,-0.103448275862,-0.463917525773,0.181818181818,0.240310077519,0.118881118881,0.0,0.0257186081694,0.104234527687,-0.127413127413,-0.0121796093408,-0.112150702836,-0.146528342076,0.070973570914,0.243064881179,0.343810396873,0.127,0.195,1.099002077e-05,9.152224652e-06,0.00678,0.000146487951366,False
102,Montgomery,1,0.0,1.0,0.0,0,1,-1.0,-1.0,0.0,-0.126436781609,-0.424242424242,0.433962264151,0.0,0.0,0.0,0.336956521739,0.0,0.0,-0.0367065469499,-0.207880861799,-0.138481222923,0.046335991975,-0.012868371695,-0.021398549432,0.245,0.322,9.305417082e-06,9.637753406e-06,0.00369,0.0,False
103,Morgan,1,1.0,0.0,1.0,1,1,0.0,-0.666666666667,-0.5,-0.0909090909091,-0.5,0.190476190476,0.366666666667,1.92857142857,3.31578947368,-0.0491017964072,0.462246777164,0.733624454148,0.0714165742923,-0.0103645563867,-0.108500519371,-0.158172691303,-0.206229904401,-0.0732993415785,0.116,0.228,8.512755314e-06,1.083441585e-05,0.00794,5.50357732526e-05,False
104,Murray,0,1.0,1.0,1.0,0,1,-0.333333333333,-0.666666666667,-0.142857142857,-0.0675675675676,-0.503597122302,0.604651162791,0.606557377049,0.670454545455,1.11510791367,-0.0268924302789,-0.145979020979,0.32925170068,-0.0387684554711,-0.0659719255834,-0.296784997451,0.0556320619399,0.112723350506,0.309008262475,0.202,0.267,9.721922555e-06,1.180337856e-05,0.00977,0.000152613506295,False
105,Muscogee,0,1.0,1.0,8.0,0,1,0.214285714286,-0.15,1.125,-0.0675675675676,-0.31,0.254545454545,-0.105612244898,-0.113751263903,-0.0724867724868,0.0225479143179,-0.18945487042,-0.093,-0.0109521137955,-0.0341240123891,-0.0318322056952,0.0392066112482,0.0387824418438,-0.0143888058016,0.178,0.311,9.503041779e-06,1.51232827e-05,0.00907,8.60824872775e-05,False
106,Newton,0,1.0,1.0,1.0,0,2,0.272727272727,-0.0666666666667,0.272727272727,-0.10447761194,-0.512195121951,0.132075471698,-0.0492359932088,0.0748560460653,0.761006289308,0.0098643649815,-0.197845249755,-0.0869565217391,0.0120555102359,-0.0792987465439,-0.282953899475,-0.0139605027955,0.105789940219,0.13964036848,0.13,0.233,8.053767138e-06,1.263169793e-05,0.00819,0.000130842344321,False
107,Oconee,1,0.0,1.0,0.0,1,1,-1.0,-1.0,-1.0,-0.0681818181818,-0.414285714286,0.322580645161,0.266304347826,0.474683544304,1.04385964912,-0.0171073094868,-0.00315457413249,-0.135430916553,-0.0499515015883,-0.0156025448572,-0.150127196508,-0.104183067805,-0.0852114758632,-0.0434799370413,0.024,0.086,5.858891487e-06,9.159675423e-06,0.00632,0.0,False
108,Oglethorpe,1,0.0,1.0,0.0,1,1,-1.0,-1.0,0.0,-0.109090909091,-0.494845360825,0.25641025641,-0.484848484848,-0.71186440678,-0.227272727273,-0.0495283018868,0.0,0.0,-0.0598206892062,0.00770452869284,0.0609009454343,0.0916665362498,0.214502161271,0.203431174871,0.15,0.252,1.038665148e-05,1.072170475e-05,0.00403,0.0,False
109,Paulding,0,0.0,1.0,1.0,0,1,0.153846153846,0.304347826087,0.578947368421,-0.115384615385,-0.515789473684,0.0697674418605,0.045,-0.0164705882353,0.482269503546,-0.0298013245033,-0.220744680851,-0.151953690304,-0.084838699698,-0.116663473175,-0.309718695836,-0.027401161346,0.266578947503,0.250794822434,0.08,0.127,6.160777465e-06,1.149059654e-05,0.00586,0.000192523664367,True
110,Peach,1,1.0,2.0,1.0,0,1,-0.75,-0.5,-0.75,-0.126582278481,-0.415254237288,0.232142857143,0.365217391304,-0.207070707071,2.07843137255,0.0738498789346,-0.0682773109244,0.0301974448316,0.155980907277,0.108740977673,-0.130425294839,0.0492319137848,0.0890697674443,0.0759434124501,0.102,0.334,9.452363091e-06,1.279069767e-05,0.00887,3.75164134309e-05,False
111,Pickens,1,0.0,1.0,1.0,0,1,0.666666666667,1.5,4.0,-0.0754716981132,-0.533333333333,0.25641025641,0.135802469136,0.508196721311,1.24390243902,-0.0438871473354,-0.160357880248,0.024349286314,-0.0418283793715,-0.0328900196243,-0.159435130121,0.11733243834,0.107409750387,0.236429600879,0.151,0.222,1.086156413e-05,1.010910638e-05,0.0122,0.000162169174883,False
112,Pierce,1,0.0,1.0,0.0,0,1,4.0,1.5,1.5,-0.129032258065,-0.495327102804,0.255813953488,0.09375,1.33333333333,0.458333333333,-0.0977653631285,0.407407407407,0.264187866928,-0.0367134690546,-0.0398572360153,-0.238880861679,0.0963512262106,-0.0196861698754,-0.0234324483638,0.249,0.311,1.023471972e-05,1.242787395e-05,0.00646,0.000260810599343,True
113,Pike,1,0.0,1.0,0.0,0,1,-0.5,-0.666666666667,0.0,-0.0877192982456,-0.490196078431,0.130434782609,-0.388888888889,0.466666666667,-0.388888888889,-0.101449275362,0.0,0.0,0.0137488960574,-0.0472669296877,-0.215674722196,0.199189112858,0.14253472897,0.214960366637,0.073,0.169,9.474974919e-06,8.861888307e-06,0.00124,5.57382531631e-05,False
114,Polk,0,1.0,1.0,1.0,1,1,0.142857142857,-0.111111111111,0.142857142857,-0.0757575757576,-0.469565217391,0.326086956522,-0.465882352941,0.0558139534884,0.182291666667,-0.0234192037471,-0.0905125408942,0.213090909091,-0.000723286066794,-0.0727661576266,-0.238638624976,0.057155486542,0.0583704493678,0.0803642516775,0.193,0.323,1.178153665e-05,1.334439355e-05,0.01668,0.000191497510532,True
115,Pulaski,1,0.0,1.0,1.0,1,1,0.0,3.0,1.0,-0.106060606061,-0.385416666667,0.204081632653,-0.888888888889,-0.611111111111,-0.72,-0.080829015544,0.0218894009217,-0.0948979591837,-0.112022640825,0.0636926164923,-0.405229427256,0.549635813752,0.159462144253,-0.161146152288,0.119,0.345,1.140886177e-05,7.782789423e-06,0.00887,0.000355523953426,True
116,Putnam,1,0.0,1.0,1.0,0,1,-0.666666666667,-0.5,-0.75,-0.135802469136,-0.461538461538,0.590909090909,-0.275362318841,-0.40119760479,-0.145299145299,-0.0673076923077,0.318446601942,0.0659340659341,-0.0347988931294,-0.185952999314,-0.239608385584,0.122595017084,0.217577252468,0.358406529701,0.167,0.331,1.244415335e-05,1.019859185e-05,0.00679,4.65614378172e-05,False
117,Quitman,1,0.0,1.0,0.0,0,0,-1.0,0.0,-1.0,0.0724637681159,-0.274509803922,0.574468085106,0.0,-0.375,0.666666666667,0.0,0.0,0.0,-0.00754635612931,-0.0880887355061,-0.27818504168,-0.196585145495,-0.0900711513458,-0.451241298771,0.167,0.479,7.330746011e-06,9.918068133e-06,0.0,0.0,False
118,Rabun,1,0.0,1.0,1.0,1,1,-0.333333333333,-0.5,1.0,-0.119402985075,-0.524193548387,0.372093023256,-0.279069767442,-0.03125,0.134146341463,-0.0878148400272,-0.117259552042,-0.0603085553997,-0.0289235497404,0.159287741824,-0.0167548208471,0.0362895788414,0.29669727053,0.263952794646,0.147,0.281,1.346493633e-05,9.687442881e-06,0.0134,0.000120780240353,False
119,Randolph,1,0.0,1.0,1.0,0,1,0.0,0.0,0.0,-0.0659340659341,-0.3359375,0.214285714286,0.0,0.0,-1.0,-0.103694102398,-0.20881006865,1.03982300885,0.00739552103722,-0.224902949705,-0.37560941559,-0.00640441844793,-0.0983341614938,-0.231999581394,0.29,0.441,1.004674527e-05,1.046535966e-05,0.01383,0.0,False
120,Richmond,0,1.0,1.0,10.0,1,1,0.0652173913043,1.13043478261,0.96,-0.0945945945946,-0.401785714286,0.0983606557377,-0.980487804878,-0.992680695334,-0.993061578491,-0.0656620021529,-0.194805194805,-0.0344827586207,0.0332057606818,-0.0119029390134,-0.0862715982168,0.0478510521922,0.0703033539491,0.0724042557465,0.185,0.377,1.015263691e-05,1.485182906e-05,0.00868,0.000242998904025,True
121,Rockdale,0,1.0,1.0,1.0,0,1,0.583333333333,0.583333333333,0.583333333333,-0.123076923077,-0.491071428571,0.0961538461538,-0.0682852807284,0.00490998363339,1.08843537415,-0.0124533001245,-0.0916380297824,-0.17050209205,0.00243406155421,-0.0805720253591,-0.199682624426,-0.00430415472677,0.0883838300733,0.0164340806909,0.091,0.26,7.425589638e-06,1.146978369e-05,0.00793,0.000212634995244,True
122,Schley,1,0.0,1.0,0.0,0,1,0.0,0.0,0.0,-0.030303030303,-0.44347826087,0.015873015873,0.526315789474,1.9,1.07142857143,-0.849056603774,0.0,0.0,0.0262204423256,-0.270619449781,-0.44190583303,0.19878324856,0.205805718039,-0.405045890122,0.091,0.29,7.212475634e-06,9.161793372e-06,0.00032,0.0,False
123,Screven,1,1.0,1.0,1.0,1,1,0.0,0.0,-0.5,-0.0843373493976,-0.518987341772,0.461538461538,-0.0847457627119,0.542857142857,0.741935483871,0.329519450801,0.305617977528,-0.0332778702163,0.0115822190583,-0.206045720309,-0.143029364924,0.129268430346,-0.0182280176917,0.0425381890385,0.202,0.4,1.235488337e-05,1.185784784e-05,0.00581,7.12047849615e-05,False
124,Seminole,1,1.0,1.0,1.0,0,1,0.0,-1.0,0.0,-0.0246913580247,-0.373015873016,0.519230769231,-0.446428571429,-0.340425531915,-0.114285714286,-0.0868232890705,0.24080499653,0.556135770235,0.0419313273207,-0.173243902153,-0.157448810667,-0.0451896199534,-0.0802780056217,-0.0303792696535,0.234,0.427,1.22994026e-05,1.124516809e-05,0.01788,0.0,False
125,Spalding,0,1.0,1.0,1.0,0,1,-0.153846153846,0.375,0.571428571429,-0.15,-0.514285714286,0.0625,0.0105386416862,0.198611111111,-0.408093278464,-0.0513532269257,-0.154084158416,0.0971107544141,-0.0413219295934,-0.13625522316,-0.246344082032,-0.00734346585842,0.109748036016,0.179296353567,0.227,0.355,1.170607505e-05,1.226498579e-05,0.01367,0.000169737369997,True
126,Stephens,1,1.0,1.0,1.0,0,1,-0.166666666667,-0.285714285714,0.25,-0.0923076923077,-0.504201680672,0.204081632653,-0.135135135135,0.2,0.0909090909091,-0.0250148898154,-0.0449241540257,0.202792064658,0.035826784782,0.139070456692,0.00353339058532,0.0336566640121,0.0405457303771,0.013435545274,0.174,0.31,1.303389202e-05,1.334608105e-05,0.01637,0.000194167216807,True
127,Stewart,1,0.0,1.0,0.0,0,1,1.0,0.0,0.0,-0.0434782608696,-0.326530612245,-0.0149253731343,-1.0,-1.0,-1.0,0.0385906040268,-0.270906949352,-0.156675749319,-0.0349472053286,-0.286652680709,-0.427323733795,0.287177120194,0.0456394813845,-0.320610729235,0.174,0.484,1.133391456e-05,7.497820401e-06,0.00619,0.000350569675723,True
128,Sumter,1,1.0,0.0,1.0,0,1,0.0,0.0,0.0,-0.0722891566265,-0.388888888889,0.1,-0.887820512821,-0.878048780488,-0.805555555556,0.0559440559441,-0.144822006472,0.122080679406,-0.0309827031908,-0.114107286851,-0.297973055215,0.00160060395246,0.0859422926387,0.123479087902,0.186,0.481,1.118871968e-05,1.145044411e-05,0.01057,3.29066438514e-05,False
129,Talbot,1,1.0,1.0,0.0,0,1,-1.0,-1.0,0.0,-0.12987012987,-0.361904761905,0.175438596491,-0.48,-0.277777777778,0.0,0.0,0.0,0.0,0.0168107589114,-0.268587896012,-0.202248148475,0.183957732957,0.304136055483,0.0648815234904,0.186,0.418,1.360870957e-05,7.524815882e-06,0.0,0.0,False
130,Taliaferro,1,0.0,0.0,0.0,0,0,0.0,0.0,0.0,-0.166666666667,-0.585987261146,0.3,-0.125,-0.666666666667,0.166666666667,0.0,0.0,0.0,-0.207913720513,-0.380450416014,-0.42510058799,0.734252065531,0.162189564479,0.0512446394222,0.0,0.544,1.980810895e-05,6.190034045e-06,0.0,0.0,False
131,Tattnall,1,1.0,1.0,1.0,1,1,-0.5,0.0,0.0,-0.129032258065,-0.386363636364,-0.0689655172414,-0.454545454545,-0.593220338983,-0.478260869565,-0.0475352112676,-0.176560121766,-0.117455138662,0.0963582203203,-0.168875112219,-0.245864490986,0.0974809628692,0.110847565251,-0.070725696389,0.163,0.361,1.006024216e-05,1.109410104e-05,0.00541,0.00011956001913,False
132,Taylor,1,0.0,1.0,0.0,0,1,0.0,0.0,0.0,-0.217391304348,-0.5,0.0746268656716,-0.45,-0.744186046512,-0.47619047619,0.727488151659,0.612831858407,0.0,-0.0483831509664,0.00359087603806,-0.197177272117,-0.066853351686,-0.143947925068,-0.156528019816,0.288,0.411,1.003263629e-05,9.549135743e-06,0.00729,0.000121477162293,False
133,Telfair,1,0.0,1.0,0.0,0,1,0.0,1.0,1.0,-0.0114942528736,-0.348484848485,0.48275862069,-0.233333333333,-0.323529411765,-0.661764705882,0.165009940358,0.153543307087,585.0,0.0013392465348,-0.138186319208,-0.283229387928,0.383666476354,0.137205270483,-0.291226343144,0.174,0.422,9.986130375e-06,8.198489752e-06,0.00586,0.000125274036956,False
134,Terrell,1,1.0,1.0,0.0,0,1,0.0,0.0,0.0,-0.108108108108,-0.45,0.118644067797,-0.233333333333,0.121951219512,-0.0980392156863,0.0490797546012,0.0239520958084,0.0,0.0275953193665,-0.100857619403,-0.181331556073,0.0929877489071,0.0667899621889,0.0878031800785,0.148,0.557,1.151333998e-05,1.217757113e-05,0.00513,0.0,False
135,Thomas,0,1.0,1.0,2.0,0,1,0.5,2.0,2.0,-0.111111111111,-0.384615384615,0.777777777778,0.113580246914,0.199468085106,0.576923076923,0.0665342601787,0.0602171767029,0.143769968051,0.0492270682046,0.0596870804912,-0.127338743713,0.0261650387856,-0.000264056873236,0.165469125727,0.149,0.324,1.123097712e-05,1.311388255e-05,0.01074,6.63012729844e-05,False
136,Tift,0,1.0,1.0,1.0,0,1,0.0,2.0,2.0,-0.0983606557377,-0.545454545455,0.1,0.380952380952,0.0826666666667,1.08205128205,0.0282563749139,0.0551626591231,0.186009538951,0.0372864646246,0.111094880211,-0.132389404539,-0.0468896654673,-0.00383047606932,0.105174913132,0.187,0.398,9.51563458e-06,1.527896996e-05,0.01492,0.000146957970021,False
137,Toombs,1,1.0,1.0,1.0,0,1,-0.666666666667,-0.75,-0.666666666667,-0.103448275862,-0.417910447761,0.392857142857,-0.0360824742268,-0.100961538462,1.01075268817,-0.0198845413727,-0.239800995025,-0.199161425577,0.00102667443613,0.0205643937745,-0.143120452476,0.0206025694822,0.178640944735,0.144903106012,0.217,0.39,1.195688165e-05,1.530480851e-05,0.01528,3.67701132519e-05,False
138,Towns,1,0.0,1.0,1.0,1,1,1.0,-0.5,0.0,-0.151898734177,-0.464,0.970588235294,0.214285714286,0.133333333333,0.7,-0.0561224489796,0.0442144873001,0.587982832618,0.075624561692,0.0310692933532,-0.134492033869,0.114302841723,-0.0998601409064,0.195386280413,0.129,0.266,1.463155094e-05,7.448789572e-06,0.0111,0.000175577210078,True
139,Treutlen,1,0.0,1.0,0.0,0,1,0.0,0.0,0.0,-0.0823529411765,-0.413533834586,0.181818181818,-0.5,-0.676470588235,-0.796296296296,0.183925811437,0.0,0.0,-0.169673436799,0.0972893183484,-0.175579646889,0.503564317745,-0.229764876774,-0.0695129780846,0.206,0.416,1.000597372e-05,1.105137396e-05,0.00766,0.000150670483652,False
140,Troup,0,1.0,2.0,1.0,0,3,-0.230769230769,-0.285714285714,0.428571428571,-0.16393442623,-0.536363636364,-0.190476190476,0.0689075630252,-0.0991501416431,0.249508840864,-0.0256157635468,-0.161153519932,0.322192513369,-0.0374699575846,-0.0261169171625,-0.118356858279,0.0796500358547,0.128733060426,0.0592393295851,0.201,0.284,1.053294407e-05,1.356688992e-05,0.00989,0.000142846939504,False
141,Turner,1,0.0,1.0,0.0,0,1,-0.5,0.0,0.0,-0.0294117647059,-0.538461538462,-0.0294117647059,-0.678756476684,-0.243902439024,-0.138888888889,-0.106157112527,0.190947666195,0.0407911001236,0.147664746567,0.166463338656,0.0149247368284,-0.193361810281,-0.113133115364,0.201314738462,0.227,0.448,1.182621686e-05,1.568529815e-05,0.00842,0.000124533001245,False
142,Twiggs,1,0.0,0.0,0.0,0,1,0.0,1.0,0.0,-0.043956043956,-0.438709677419,0.474576271186,-0.189189189189,-0.423076923077,1.5,0.444444444444,0.0,-0.95652173913,0.0350000575644,-0.132423346169,-0.15301645618,0.441326352523,0.317266563269,0.779708239662,0.248,0.351,1.748846247e-05,1.044449842e-05,0.00013,0.000244768082242,True
143,Union,1,1.0,1.0,1.0,1,1,0.25,0.666666666667,0.0,-0.11320754717,-0.539215686275,0.175,-0.296,-0.0434782608696,87.0,-0.110034602076,-0.208128078818,-0.124574540504,-0.092121101097,-0.03218147427,-0.126403627147,-0.0352218973542,-0.0928902297082,-0.140542699072,0.064,0.267,1.279355453e-05,7.437083601e-06,0.01286,0.000218073970691,True
144,Upson,1,1.0,1.0,1.0,1,1,0.0,-0.333333333333,-0.333333333333,-0.0972222222222,-0.439655172414,0.031746031746,0.063829787234,-0.315068493151,-0.0909090909091,0.00508351488744,0.0540746382331,0.504347826087,-0.0422787329868,0.00253635792672,-0.10201103786,0.0296679145105,0.153839519517,0.140076833309,0.223,0.337,1.482128945e-05,1.265510099e-05,0.01384,7.59445604709e-05,False
145,Walker,0,2.0,2.0,0.0,1,1,0.375,-0.0833333333333,1.75,-0.0666666666667,-0.428571428571,0.244444444444,0.0731707317073,-0.194508009153,0.343511450382,-0.0231729055258,0.193899782135,0.723270440252,-0.0217917555596,0.0621907159116,-0.0628736994102,-0.0034727302275,0.27937480528,0.139908053037,0.197,0.265,1.151902552e-05,1.107768354e-05,0.00548,0.00016201248969,False
146,Walton,0,1.0,1.0,1.0,0,1,-0.157894736842,1.66666666667,1.66666666667,-0.0925925925926,-0.528846153846,0.0888888888889,-0.0511111111111,0.0314009661836,0.587360594796,-0.0331010452962,-0.023746701847,0.185897435897,0.05427033922,-0.0112933710358,-0.142011444702,-0.00970121476372,0.0374525141653,0.328636956551,0.122,0.193,9.424722547e-06,1.271554016e-05,0.0111,0.000177415062539,True
147,Ware,0,1.0,1.0,1.0,0,2,0.25,-0.444444444444,1.5,-0.153846153846,-0.513274336283,0.0576923076923,-0.117768595041,-0.0228832951945,-0.0737527114967,0.0747935891209,-0.0177541056369,0.0428840716305,-0.0312890401748,-0.0698689024841,-0.149988736956,-0.0798274077715,0.00100411576002,-0.0280468815928,0.327,0.456,1.200112423e-05,1.312535132e-05,0.02213,0.000139907101684,False
148,Warren,1,0.0,1.0,0.0,0,1,0.0,0.0,0.0,-0.102564102564,-0.578313253012,-0.146341463415,-1.0,0.0,0.0,-0.8,0.0,0.0,-0.165072305866,-0.239812466191,-0.373098997467,-0.0242471670494,-0.107346507065,-0.210672118354,0.327,0.439,1.211009174e-05,8.990825688e-06,2e-05,0.0,False
149,Washington,1,1.0,1.0,1.0,0,1,0.5,0.5,0.0,-0.0857142857143,-0.496062992126,0.0666666666667,0.0298507462687,-0.0281690140845,0.0,-0.0763285024155,0.0517051705171,0.213197969543,0.0169334397377,0.0473047473832,-0.11284208529,-0.0616785350038,0.130052756551,0.0202290591084,0.16,0.365,1.105159836e-05,1.158478951e-05,0.00956,0.000146649068778,False
150,Wayne,1,1.0,1.0,1.0,0,1,0.0,-0.125,1.33333333333,-0.0694444444444,-0.446280991736,0.116666666667,-0.369565217391,0.230303030303,0.0,-0.0526315789474,-0.13927077107,0.101759755164,-0.0285336842243,-0.0691734979393,-0.122770431273,-0.0295082489762,0.110534621604,0.150614710935,0.232,0.328,1.073051322e-05,1.361433865e-05,0.0144,0.000232527238905,True
151,Webster,1,0.0,1.0,0.0,0,1,0.0,0.0,0.0,-0.063829787234,-0.228070175439,0.76,-1.0,0.0,0.0,0.160541586074,0.0,0.0,-0.209632075783,0.673208144464,-0.328675146059,0.207107374869,-0.290154120525,-0.620260688747,0.232,0.361,4.585403133e-06,8.406572411e-06,0.006,0.000384763370527,True
152,Wheeler,1,0.0,0.0,0.0,1,1,-1.0,-1.0,0.0,-0.165137614679,-0.380952380952,0.82,0.0,-1.0,0.0,-0.252272727273,0.0,0.0,-0.165126806907,-0.154508232003,-0.282783106667,0.11349012521,0.278492943127,0.249561109216,0.198,0.392,8.566929134e-06,7.05511811e-06,0.00329,0.0,False
153,White,1,0.0,1.0,0.0,1,1,0.25,0.0,0.666666666667,-0.115384615385,-0.535353535354,0.121951219512,-0.233009708738,-0.294642857143,1.92592592593,0.0919913419913,0.174621653085,0.593996840442,0.0112936106995,-0.00642606482613,-0.252400697058,0.0417698450876,0.172426481829,0.0759651422736,0.153,0.249,1.026428796e-05,9.426386901e-06,0.01009,0.000173106217975,True
154,Whitfield,0,1.0,1.0,1.0,1,1,-0.333333333333,-0.384615384615,1.66666666667,-0.078125,-0.5,0.340909090909,-0.00181818181818,0.276744186047,1.10344827586,-0.0371134020619,-0.0575176589304,0.288275862069,0.00764165671235,-0.053964748765,-0.335766426587,0.0390090621803,0.111380105894,0.0208090797707,0.179,0.221,7.882434733e-06,1.351137535e-05,0.00934,7.64898794328e-05,False
155,Wilcox,1,0.0,1.0,0.0,0,1,2.0,0.0,2.0,-0.102564102564,-0.453125,0.09375,-0.8,-0.5,0.0,0.666666666667,0.0,0.0,0.0437054009846,-0.236112708733,-0.26591489391,0.335825478323,-0.035834266492,-0.0484081956025,0.364,0.404,1.191489362e-05,9.191489362e-06,0.00035,0.000342426663623,True
156,Wilkes,1,1.0,1.0,1.0,0,0,-1.0,0.0,-1.0,-0.125,-0.546762589928,0.0677966101695,0.0,-0.108695652174,-0.18,-0.0700808625337,-0.131529263688,0.16850127011,-0.0374074200475,0.0597483170611,-0.120057983868,0.109358665033,0.148562452833,0.0554700185729,0.176,0.347,1.42168063e-05,1.11703478e-05,0.0138,0.0,False
157,Wilkinson,1,0.0,0.0,0.0,1,1,-1.0,0.0,-1.0,-0.13698630137,-0.511627906977,0.145454545455,-0.184210526316,-0.446428571429,0.0,0.0222222222222,0.0,0.0,0.0130944546032,-0.200600384228,-0.362696900311,0.374197429383,0.283598192998,0.676512771448,0.085,0.342,1.501205347e-05,1.128643436e-05,0.0092,0.0,False
158,Worth,1,2.0,1.0,1.0,0,1,0.5,0.0,2.0,-0.0923076923077,-0.486956521739,0.156862745098,-0.263157894737,-0.255319148936,0.428571428571,-0.00831600831601,-0.0020920502092,0.297959183673,-0.0655105355387,0.0134079909123,-0.103553962465,0.0596650351273,0.131270046309,0.0492608231201,0.197,0.343,1.061366268e-05,1.124083366e-05,0.00954,0.000289184499711,True
